{
  "project_info": {
    "project_number": "620219590295",
    "firebase_url": "https://ticketapp-9055a.firebaseio.com",
    "project_id": "ticketapp-9055a",
    "storage_bucket": "ticketapp-9055a.appspot.com"
  },
  "client": [
    {
      "client_info": {
        "mobilesdk_app_id": "1:620219590295:android:48274140d6d2221c",
        "android_client_info": {
          "package_name": "com.marc.app.ticketapp"
        }
      },
      "oauth_client": [
        {
          "client_id": "620219590295-5cua76n6cjr8qemqj3oa0ll0tistib4v.apps.googleusercontent.com",
          "client_type": 1,
          "android_info": {
            "package_name": "com.marc.app.ticketapp",
            "certificate_hash": "da656a239c70b7d0a0a17ae0699267e0b21d6ef0"
          }
        },
        {
          "client_id": "620219590295-u572d40rnqvlr4mfnm5ih0iqp2ks1cqk.apps.googleusercontent.com",
          "client_type": 3
        }
      ],
      "api_key": [
        {
          "current_key": "AIzaSyDqBbBWvzkFzqxdR-xJcHViA6oy7fycyJg"
        }
      ],
      "services": {
        "appinvite_service": {
          "other_platform_oauth_client": [
            {
              "client_id": "620219590295-u572d40rnqvlr4mfnm5ih0iqp2ks1cqk.apps.googleusercontent.com",
              "client_type": 3
            }
          ]
        }
      }
    }
  ],
  "configuration_version": "1"
}